refinebio_accession_code	experiment_accession	refinebio_age	refinebio_cell_line	refinebio_compound	refinebio_disease	refinebio_disease_stage	refinebio_genetic_information	refinebio_organism	refinebio_platform	refinebio_processed	refinebio_race	refinebio_sex	refinebio_source_archive_url	refinebio_source_database	refinebio_specimen_part	refinebio_subject	refinebio_time	refinebio_title	refinebio_treatment
SRR1813218	SRP055410		ucbpp-pa14					PSEUDOMONAS_AERUGINOSA	Illumina HiSeq 2500 (IlluminaHiSeq2500)	True				SRA		planktonic cells		oex6977_A	
SRR1813213	SRP055410		ucbpp-pa14					PSEUDOMONAS_AERUGINOSA	Illumina HiSeq 2500 (IlluminaHiSeq2500)	True				SRA		planktonic cells		WT_B	
SRR1813215	SRP055410		ucbpp-pa14					PSEUDOMONAS_AERUGINOSA	Illumina HiSeq 2500 (IlluminaHiSeq2500)	True				SRA		planktonic cells		d6977_A	
SRR1813216	SRP055410		ucbpp-pa14					PSEUDOMONAS_AERUGINOSA	Illumina HiSeq 2500 (IlluminaHiSeq2500)	True				SRA		planktonic cells		d6977_B	
SRR1813212	SRP055410		ucbpp-pa14					PSEUDOMONAS_AERUGINOSA	Illumina HiSeq 2500 (IlluminaHiSeq2500)	True				SRA		planktonic cells		WT_A	
SRR1813214	SRP055410		ucbpp-pa14					PSEUDOMONAS_AERUGINOSA	Illumina HiSeq 2500 (IlluminaHiSeq2500)	True				SRA		planktonic cells		WT_C	
SRR1813217	SRP055410		ucbpp-pa14					PSEUDOMONAS_AERUGINOSA	Illumina HiSeq 2500 (IlluminaHiSeq2500)	True				SRA		planktonic cells		d6977_C	
SRR1813219	SRP055410		ucbpp-pa14					PSEUDOMONAS_AERUGINOSA	Illumina HiSeq 2500 (IlluminaHiSeq2500)	True				SRA		planktonic cells		oex6977_B	
SRR1813220	SRP055410		ucbpp-pa14					PSEUDOMONAS_AERUGINOSA	Illumina HiSeq 2500 (IlluminaHiSeq2500)	True				SRA		planktonic cells		oex6977_C	
