refinebio_accession_code	experiment_accession	refinebio_age	refinebio_cell_line	refinebio_compound	refinebio_disease	refinebio_disease_stage	refinebio_genetic_information	refinebio_organism	refinebio_platform	refinebio_processed	refinebio_race	refinebio_sex	refinebio_source_archive_url	refinebio_source_database	refinebio_specimen_part	refinebio_subject	refinebio_time	refinebio_title	refinebio_treatment
SRR4289772	SRP090296		ucbpp-pa14 deltapa3225					PSEUDOMONAS_AERUGINOSA	Illumina HiSeq 2000 (IlluminaHiSeq2000)	True				SRA		planktonic δpa3225		3225P4	
SRR4289773	SRP090296		ucbpp-pa14 deltapa3225					PSEUDOMONAS_AERUGINOSA	Illumina HiSeq 2000 (IlluminaHiSeq2000)	True				SRA		planktonic δpa3225		3225P5	
SRR4289780	SRP090296		ucbpp-pa14 deltapa3225					PSEUDOMONAS_AERUGINOSA	Illumina HiSeq 2000 (IlluminaHiSeq2000)	True				SRA		biofilm δpa3225		3225B4	
SRR4289770	SRP090296		ucbpp-pa14					PSEUDOMONAS_AERUGINOSA	Illumina HiSeq 2000 (IlluminaHiSeq2000)	True				SRA		planktonic wild-type		WTP5	
SRR4289778	SRP090296		ucbpp-pa14 deltapa3225					PSEUDOMONAS_AERUGINOSA	Illumina HiSeq 2000 (IlluminaHiSeq2000)	True				SRA		biofilm δpa3225		3225B2	
SRR4289769	SRP090296		ucbpp-pa14					PSEUDOMONAS_AERUGINOSA	Illumina HiSeq 2000 (IlluminaHiSeq2000)	True				SRA		planktonic wild-type		WTP4	
SRR4289774	SRP090296		ucbpp-pa14 deltapa3225					PSEUDOMONAS_AERUGINOSA	Illumina HiSeq 2000 (IlluminaHiSeq2000)	True				SRA		planktonic δpa3225		3225P6	
SRR4289776	SRP090296		ucbpp-pa14					PSEUDOMONAS_AERUGINOSA	Illumina HiSeq 2000 (IlluminaHiSeq2000)	True				SRA		biofilm wild-type		WTB4	
SRR4289779	SRP090296		ucbpp-pa14 deltapa3225					PSEUDOMONAS_AERUGINOSA	Illumina HiSeq 2000 (IlluminaHiSeq2000)	True				SRA		biofilm δpa3225		3225B3	
SRR4289775	SRP090296		ucbpp-pa14					PSEUDOMONAS_AERUGINOSA	Illumina HiSeq 2000 (IlluminaHiSeq2000)	True				SRA		biofilm wild-type		WTB3	
SRR4289771	SRP090296		ucbpp-pa14					PSEUDOMONAS_AERUGINOSA	Illumina HiSeq 2000 (IlluminaHiSeq2000)	True				SRA		planktonic wild-type		WTP6	
SRR4289777	SRP090296		ucbpp-pa14					PSEUDOMONAS_AERUGINOSA	Illumina HiSeq 2000 (IlluminaHiSeq2000)	True				SRA		biofilm wild-type		WTB6	
