{
    "aggregate_by": "EXPERIMENT",
    "created_at": "2020-09-20T17:52:10",
    "experiments": {
        "SRP055410": {
            "accession_code": "SRP055410",
            "description": "Extremely slow growth imposed by energy limitation is a ubiquitous but poorly understood physiological state for microbes. We used oxygen limitation to impose this state on Pseudomonas aeruginosa and measured newly synthesized proteins using a time-selective proteome labeling method (BONCAT) to identify relevant regulators and metabolic pathways. We further characterized one upregulated protein that has no homology to any known protein domains. This small, acidic protein is post-transcriptionally regulated and physically interacts with RNA polymerase, binding near the secondary channel during transcription elongation, and leading to widespread effects on gene expression. For some genes, the impacts on transcript and protein levels are different, suggesting possible modulation of translation as well. These effects have phenotypic consequences, as deletion of the gene affects biofilm formation, secondary metabolite production, and fitness in fluctuating conditions. Based on these phenotypes, we have designated the protein SutA (survival under transitions). Overall design: Profiles of rRNA-depleted total RNA from WT, ?sutA (PA14_69770), and SutA-overexpressing cells grown late exponential phase in minimal medium containing pyruate as the carbon source, in triplicate",
            "has_publication": true,
            "organisms": [
                "PSEUDOMONAS_AERUGINOSA"
            ],
            "protocol_description": "Total RNA was extracted using the RNEasy kit (Qiagen) according to the manufacturer's instructions with minor modifications. Briefly, frozen pellets were resuspeded in 215 ul TE buffer containing 15 mg/ml lysozyme (Sigma) and 1.4 mg/ml proteinase K (Qiagen). Samples were incubated with shaking for 8 minutes at 37 degrees C to disrupt the cell walls.  700 ul buffer RLT and 500 ul 100% ethanol were added and the mixture was applied to the Qiagen column. On-column DNA digestion, washing, and elution were carried out according to instructions. 10 ug total RNA was then further treated with the Turbo DNase free kit (Ambion) according to instructions. 3.8 ug total RNA was subjected to ribosomal RNA depletion using the Ribo-Zero Magnetic Kit for gram negative bacteria (Epicentre). Libraries for RNA Seq were constructed from the rRNA-depleted samples using the NEBNext mRNA Library Prep Master Mix Set for Illumina, according to the manufacturer's instructions.",
            "publication_doi": "",
            "publication_title": "SutA is a bacterial transcription factor expressed during slow growth in Pseudomonas aeruginosa.",
            "pubmed_id": "26787849",
            "sample_accession_codes": [
                "SRR1813212",
                "SRR1813213",
                "SRR1813214",
                "SRR1813215",
                "SRR1813216",
                "SRR1813217",
                "SRR1813218",
                "SRR1813219",
                "SRR1813220"
            ],
            "source_first_published": "2015-06-08T00:00:00",
            "source_last_modified": "2016-06-04T00:00:00",
            "submitter_institution": "",
            "technology": "RNA-SEQ",
            "title": "Pseudomonas aeruginosa PA14 differential gene expression in PA14_69770 mutants"
        },
        "SRP090296": {
            "accession_code": "SRP090296",
            "description": "PA3225 is a LysR-type transcriptional regulator, and the ?PA3225 deletion mutant is more resistant to various antibiotics than the wild-type PA14 strain in both planktonic and biofilm cells.  In order to characterise the regulon of PA3225, we compared the transcriptomes of biofilm and planktonic ?PA3225 to biofilm and planktonic PA14 wild-type by RNA-seq. Overall design: RNA was isolated from planktonic and biofilm PA14 wild-type and ?PA3225 cells (3 biological replicates for each condition = 12 samples) and submitted to McGill University and Genome Quebec Innovation Centre for library preparation, RNA-seq, and data processing.",
            "has_publication": true,
            "organisms": [
                "PSEUDOMONAS_AERUGINOSA"
            ],
            "protocol_description": "RNA from planktonic and biofilm cells was isolated using TriZOL reagent (Invitrogen) and the Purelink RNA Mini Kit (Invitrogen) as described by the manufacturer.  RNA preps were treated with Purelink DNaseI (Invitrogen) as required to remove DNA contamination.  RNA samples were submitted to the McGill University and Genome Quebec Innovation Centre for library construction. The rRNA-depleted library was constructed for RNA-seq using the firststrand protocol.",
            "publication_doi": "",
            "publication_title": "PA3225 Is a Transcriptional Repressor of Antibiotic Resistance Mechanisms in Pseudomonas aeruginosa.",
            "pubmed_id": "28584154",
            "sample_accession_codes": [
                "SRR4289769",
                "SRR4289770",
                "SRR4289771",
                "SRR4289772",
                "SRR4289773",
                "SRR4289774",
                "SRR4289775",
                "SRR4289776",
                "SRR4289777",
                "SRR4289778",
                "SRR4289779",
                "SRR4289780"
            ],
            "source_first_published": "2017-06-09T00:00:00",
            "source_last_modified": "2017-06-09T00:00:00",
            "submitter_institution": "",
            "technology": "RNA-SEQ",
            "title": "Differential gene expression of Pseudomonas aeruginosa ?PA14_22470 (?PA3225) versus UCBPP-PA14 wildtype in planktonic and biofilm cells"
        },
        "SRP228531": {
            "accession_code": "SRP228531",
            "description": "We report the transcriptomic analysis of the response of P. aeruginosa AG1 to Ciprofloxacin to identify molecular determinants related to its tolerance to the antibiotic and the enriched pathways along time Overall design: Examination of three times after exposure to Ciprofloxacin, times 0, 2.5 and 5 hours in P. aeruginosa AG1, 3 replicates in each case. Time 0h was taken as control.",
            "has_publication": false,
            "organisms": [
                "PSEUDOMONAS_AERUGINOSA"
            ],
            "protocol_description": "RNeasy Protect Bacteria Mini Kit - QIAGEN; Epicentre RiboZero Gold (Epidemiology Kit) Part#RZE1224 Illumina TruSeq Stranded Total RNA: 1ug was used as input and library amplification was 13 PCR cycles.",
            "publication_doi": "",
            "publication_title": "",
            "pubmed_id": "",
            "sample_accession_codes": [
                "SRR10398412",
                "SRR10398413",
                "SRR10398414",
                "SRR10398415",
                "SRR10398416",
                "SRR10398417",
                "SRR10398418",
                "SRR10398419",
                "SRR10398420"
            ],
            "source_first_published": "2020-01-03T00:00:00",
            "source_last_modified": "2020-01-03T00:00:00",
            "submitter_institution": "",
            "technology": "RNA-SEQ",
            "title": "Transcriptomic analysis of response of Pseudomonas aeruginosa AG1 after exposure to Ciprofloxacin"
        }
    },
    "ks_pvalue": null,
    "ks_statistic": null,
    "ks_warning": null,
    "num_experiments": 3,
    "num_samples": 30,
    "quant_sf_only": false,
    "quantile_normalized": false,
    "samples": {
        "SRR10398412": {
            "refinebio_accession_code": "SRR10398412",
            "refinebio_age": "",
            "refinebio_annotations": [],
            "refinebio_cell_line": "ag1",
            "refinebio_compound": "",
            "refinebio_disease": "",
            "refinebio_disease_stage": "",
            "refinebio_genetic_information": "",
            "refinebio_organism": "PSEUDOMONAS_AERUGINOSA",
            "refinebio_platform": "Illumina HiSeq 2500 (IlluminaHiSeq2500)",
            "refinebio_processed": true,
            "refinebio_race": "",
            "refinebio_sex": "",
            "refinebio_source_archive_url": "",
            "refinebio_source_database": "SRA",
            "refinebio_specimen_part": "",
            "refinebio_subject": "clinical isolate",
            "refinebio_time": "",
            "refinebio_title": "CIP-0h rep1",
            "refinebio_treatment": ""
        },
        "SRR10398413": {
            "refinebio_accession_code": "SRR10398413",
            "refinebio_age": "",
            "refinebio_annotations": [],
            "refinebio_cell_line": "ag1",
            "refinebio_compound": "",
            "refinebio_disease": "",
            "refinebio_disease_stage": "",
            "refinebio_genetic_information": "",
            "refinebio_organism": "PSEUDOMONAS_AERUGINOSA",
            "refinebio_platform": "Illumina HiSeq 2500 (IlluminaHiSeq2500)",
            "refinebio_processed": true,
            "refinebio_race": "",
            "refinebio_sex": "",
            "refinebio_source_archive_url": "",
            "refinebio_source_database": "SRA",
            "refinebio_specimen_part": "",
            "refinebio_subject": "clinical isolate",
            "refinebio_time": "",
            "refinebio_title": "CIP-0h rep2",
            "refinebio_treatment": ""
        },
        "SRR10398414": {
            "refinebio_accession_code": "SRR10398414",
            "refinebio_age": "",
            "refinebio_annotations": [],
            "refinebio_cell_line": "ag1",
            "refinebio_compound": "",
            "refinebio_disease": "",
            "refinebio_disease_stage": "",
            "refinebio_genetic_information": "",
            "refinebio_organism": "PSEUDOMONAS_AERUGINOSA",
            "refinebio_platform": "Illumina HiSeq 2500 (IlluminaHiSeq2500)",
            "refinebio_processed": true,
            "refinebio_race": "",
            "refinebio_sex": "",
            "refinebio_source_archive_url": "",
            "refinebio_source_database": "SRA",
            "refinebio_specimen_part": "",
            "refinebio_subject": "clinical isolate",
            "refinebio_time": "",
            "refinebio_title": "CIP-0h rep3",
            "refinebio_treatment": ""
        },
        "SRR10398415": {
            "refinebio_accession_code": "SRR10398415",
            "refinebio_age": "",
            "refinebio_annotations": [],
            "refinebio_cell_line": "ag1",
            "refinebio_compound": "",
            "refinebio_disease": "",
            "refinebio_disease_stage": "",
            "refinebio_genetic_information": "",
            "refinebio_organism": "PSEUDOMONAS_AERUGINOSA",
            "refinebio_platform": "Illumina HiSeq 2500 (IlluminaHiSeq2500)",
            "refinebio_processed": true,
            "refinebio_race": "",
            "refinebio_sex": "",
            "refinebio_source_archive_url": "",
            "refinebio_source_database": "SRA",
            "refinebio_specimen_part": "",
            "refinebio_subject": "clinical isolate",
            "refinebio_time": "",
            "refinebio_title": "CIP-2.5h rep1",
            "refinebio_treatment": ""
        },
        "SRR10398416": {
            "refinebio_accession_code": "SRR10398416",
            "refinebio_age": "",
            "refinebio_annotations": [],
            "refinebio_cell_line": "ag1",
            "refinebio_compound": "",
            "refinebio_disease": "",
            "refinebio_disease_stage": "",
            "refinebio_genetic_information": "",
            "refinebio_organism": "PSEUDOMONAS_AERUGINOSA",
            "refinebio_platform": "Illumina HiSeq 2500 (IlluminaHiSeq2500)",
            "refinebio_processed": true,
            "refinebio_race": "",
            "refinebio_sex": "",
            "refinebio_source_archive_url": "",
            "refinebio_source_database": "SRA",
            "refinebio_specimen_part": "",
            "refinebio_subject": "clinical isolate",
            "refinebio_time": "",
            "refinebio_title": "CIP-2.5h rep2",
            "refinebio_treatment": ""
        },
        "SRR10398417": {
            "refinebio_accession_code": "SRR10398417",
            "refinebio_age": "",
            "refinebio_annotations": [],
            "refinebio_cell_line": "ag1",
            "refinebio_compound": "",
            "refinebio_disease": "",
            "refinebio_disease_stage": "",
            "refinebio_genetic_information": "",
            "refinebio_organism": "PSEUDOMONAS_AERUGINOSA",
            "refinebio_platform": "Illumina HiSeq 2500 (IlluminaHiSeq2500)",
            "refinebio_processed": true,
            "refinebio_race": "",
            "refinebio_sex": "",
            "refinebio_source_archive_url": "",
            "refinebio_source_database": "SRA",
            "refinebio_specimen_part": "",
            "refinebio_subject": "clinical isolate",
            "refinebio_time": "",
            "refinebio_title": "CIP-2.5h rep3",
            "refinebio_treatment": ""
        },
        "SRR10398418": {
            "refinebio_accession_code": "SRR10398418",
            "refinebio_age": "",
            "refinebio_annotations": [],
            "refinebio_cell_line": "ag1",
            "refinebio_compound": "",
            "refinebio_disease": "",
            "refinebio_disease_stage": "",
            "refinebio_genetic_information": "",
            "refinebio_organism": "PSEUDOMONAS_AERUGINOSA",
            "refinebio_platform": "Illumina HiSeq 2500 (IlluminaHiSeq2500)",
            "refinebio_processed": true,
            "refinebio_race": "",
            "refinebio_sex": "",
            "refinebio_source_archive_url": "",
            "refinebio_source_database": "SRA",
            "refinebio_specimen_part": "",
            "refinebio_subject": "clinical isolate",
            "refinebio_time": "",
            "refinebio_title": "CIP-5h rep1",
            "refinebio_treatment": ""
        },
        "SRR10398419": {
            "refinebio_accession_code": "SRR10398419",
            "refinebio_age": "",
            "refinebio_annotations": [],
            "refinebio_cell_line": "ag1",
            "refinebio_compound": "",
            "refinebio_disease": "",
            "refinebio_disease_stage": "",
            "refinebio_genetic_information": "",
            "refinebio_organism": "PSEUDOMONAS_AERUGINOSA",
            "refinebio_platform": "Illumina HiSeq 2500 (IlluminaHiSeq2500)",
            "refinebio_processed": true,
            "refinebio_race": "",
            "refinebio_sex": "",
            "refinebio_source_archive_url": "",
            "refinebio_source_database": "SRA",
            "refinebio_specimen_part": "",
            "refinebio_subject": "clinical isolate",
            "refinebio_time": "",
            "refinebio_title": "CIP-5h rep2",
            "refinebio_treatment": ""
        },
        "SRR10398420": {
            "refinebio_accession_code": "SRR10398420",
            "refinebio_age": "",
            "refinebio_annotations": [],
            "refinebio_cell_line": "ag1",
            "refinebio_compound": "",
            "refinebio_disease": "",
            "refinebio_disease_stage": "",
            "refinebio_genetic_information": "",
            "refinebio_organism": "PSEUDOMONAS_AERUGINOSA",
            "refinebio_platform": "Illumina HiSeq 2500 (IlluminaHiSeq2500)",
            "refinebio_processed": true,
            "refinebio_race": "",
            "refinebio_sex": "",
            "refinebio_source_archive_url": "",
            "refinebio_source_database": "SRA",
            "refinebio_specimen_part": "",
            "refinebio_subject": "clinical isolate",
            "refinebio_time": "",
            "refinebio_title": "CIP-5h rep3",
            "refinebio_treatment": ""
        },
        "SRR1813212": {
            "refinebio_accession_code": "SRR1813212",
            "refinebio_age": "",
            "refinebio_annotations": [],
            "refinebio_cell_line": "ucbpp-pa14",
            "refinebio_compound": "",
            "refinebio_disease": "",
            "refinebio_disease_stage": "",
            "refinebio_genetic_information": "",
            "refinebio_organism": "PSEUDOMONAS_AERUGINOSA",
            "refinebio_platform": "Illumina HiSeq 2500 (IlluminaHiSeq2500)",
            "refinebio_processed": true,
            "refinebio_race": "",
            "refinebio_sex": "",
            "refinebio_source_archive_url": "",
            "refinebio_source_database": "SRA",
            "refinebio_specimen_part": "",
            "refinebio_subject": "planktonic cells",
            "refinebio_time": "",
            "refinebio_title": "WT_A",
            "refinebio_treatment": ""
        },
        "SRR1813213": {
            "refinebio_accession_code": "SRR1813213",
            "refinebio_age": "",
            "refinebio_annotations": [],
            "refinebio_cell_line": "ucbpp-pa14",
            "refinebio_compound": "",
            "refinebio_disease": "",
            "refinebio_disease_stage": "",
            "refinebio_genetic_information": "",
            "refinebio_organism": "PSEUDOMONAS_AERUGINOSA",
            "refinebio_platform": "Illumina HiSeq 2500 (IlluminaHiSeq2500)",
            "refinebio_processed": true,
            "refinebio_race": "",
            "refinebio_sex": "",
            "refinebio_source_archive_url": "",
            "refinebio_source_database": "SRA",
            "refinebio_specimen_part": "",
            "refinebio_subject": "planktonic cells",
            "refinebio_time": "",
            "refinebio_title": "WT_B",
            "refinebio_treatment": ""
        },
        "SRR1813214": {
            "refinebio_accession_code": "SRR1813214",
            "refinebio_age": "",
            "refinebio_annotations": [],
            "refinebio_cell_line": "ucbpp-pa14",
            "refinebio_compound": "",
            "refinebio_disease": "",
            "refinebio_disease_stage": "",
            "refinebio_genetic_information": "",
            "refinebio_organism": "PSEUDOMONAS_AERUGINOSA",
            "refinebio_platform": "Illumina HiSeq 2500 (IlluminaHiSeq2500)",
            "refinebio_processed": true,
            "refinebio_race": "",
            "refinebio_sex": "",
            "refinebio_source_archive_url": "",
            "refinebio_source_database": "SRA",
            "refinebio_specimen_part": "",
            "refinebio_subject": "planktonic cells",
            "refinebio_time": "",
            "refinebio_title": "WT_C",
            "refinebio_treatment": ""
        },
        "SRR1813215": {
            "refinebio_accession_code": "SRR1813215",
            "refinebio_age": "",
            "refinebio_annotations": [],
            "refinebio_cell_line": "ucbpp-pa14",
            "refinebio_compound": "",
            "refinebio_disease": "",
            "refinebio_disease_stage": "",
            "refinebio_genetic_information": "",
            "refinebio_organism": "PSEUDOMONAS_AERUGINOSA",
            "refinebio_platform": "Illumina HiSeq 2500 (IlluminaHiSeq2500)",
            "refinebio_processed": true,
            "refinebio_race": "",
            "refinebio_sex": "",
            "refinebio_source_archive_url": "",
            "refinebio_source_database": "SRA",
            "refinebio_specimen_part": "",
            "refinebio_subject": "planktonic cells",
            "refinebio_time": "",
            "refinebio_title": "d6977_A",
            "refinebio_treatment": ""
        },
        "SRR1813216": {
            "refinebio_accession_code": "SRR1813216",
            "refinebio_age": "",
            "refinebio_annotations": [],
            "refinebio_cell_line": "ucbpp-pa14",
            "refinebio_compound": "",
            "refinebio_disease": "",
            "refinebio_disease_stage": "",
            "refinebio_genetic_information": "",
            "refinebio_organism": "PSEUDOMONAS_AERUGINOSA",
            "refinebio_platform": "Illumina HiSeq 2500 (IlluminaHiSeq2500)",
            "refinebio_processed": true,
            "refinebio_race": "",
            "refinebio_sex": "",
            "refinebio_source_archive_url": "",
            "refinebio_source_database": "SRA",
            "refinebio_specimen_part": "",
            "refinebio_subject": "planktonic cells",
            "refinebio_time": "",
            "refinebio_title": "d6977_B",
            "refinebio_treatment": ""
        },
        "SRR1813217": {
            "refinebio_accession_code": "SRR1813217",
            "refinebio_age": "",
            "refinebio_annotations": [],
            "refinebio_cell_line": "ucbpp-pa14",
            "refinebio_compound": "",
            "refinebio_disease": "",
            "refinebio_disease_stage": "",
            "refinebio_genetic_information": "",
            "refinebio_organism": "PSEUDOMONAS_AERUGINOSA",
            "refinebio_platform": "Illumina HiSeq 2500 (IlluminaHiSeq2500)",
            "refinebio_processed": true,
            "refinebio_race": "",
            "refinebio_sex": "",
            "refinebio_source_archive_url": "",
            "refinebio_source_database": "SRA",
            "refinebio_specimen_part": "",
            "refinebio_subject": "planktonic cells",
            "refinebio_time": "",
            "refinebio_title": "d6977_C",
            "refinebio_treatment": ""
        },
        "SRR1813218": {
            "refinebio_accession_code": "SRR1813218",
            "refinebio_age": "",
            "refinebio_annotations": [],
            "refinebio_cell_line": "ucbpp-pa14",
            "refinebio_compound": "",
            "refinebio_disease": "",
            "refinebio_disease_stage": "",
            "refinebio_genetic_information": "",
            "refinebio_organism": "PSEUDOMONAS_AERUGINOSA",
            "refinebio_platform": "Illumina HiSeq 2500 (IlluminaHiSeq2500)",
            "refinebio_processed": true,
            "refinebio_race": "",
            "refinebio_sex": "",
            "refinebio_source_archive_url": "",
            "refinebio_source_database": "SRA",
            "refinebio_specimen_part": "",
            "refinebio_subject": "planktonic cells",
            "refinebio_time": "",
            "refinebio_title": "oex6977_A",
            "refinebio_treatment": ""
        },
        "SRR1813219": {
            "refinebio_accession_code": "SRR1813219",
            "refinebio_age": "",
            "refinebio_annotations": [],
            "refinebio_cell_line": "ucbpp-pa14",
            "refinebio_compound": "",
            "refinebio_disease": "",
            "refinebio_disease_stage": "",
            "refinebio_genetic_information": "",
            "refinebio_organism": "PSEUDOMONAS_AERUGINOSA",
            "refinebio_platform": "Illumina HiSeq 2500 (IlluminaHiSeq2500)",
            "refinebio_processed": true,
            "refinebio_race": "",
            "refinebio_sex": "",
            "refinebio_source_archive_url": "",
            "refinebio_source_database": "SRA",
            "refinebio_specimen_part": "",
            "refinebio_subject": "planktonic cells",
            "refinebio_time": "",
            "refinebio_title": "oex6977_B",
            "refinebio_treatment": ""
        },
        "SRR1813220": {
            "refinebio_accession_code": "SRR1813220",
            "refinebio_age": "",
            "refinebio_annotations": [],
            "refinebio_cell_line": "ucbpp-pa14",
            "refinebio_compound": "",
            "refinebio_disease": "",
            "refinebio_disease_stage": "",
            "refinebio_genetic_information": "",
            "refinebio_organism": "PSEUDOMONAS_AERUGINOSA",
            "refinebio_platform": "Illumina HiSeq 2500 (IlluminaHiSeq2500)",
            "refinebio_processed": true,
            "refinebio_race": "",
            "refinebio_sex": "",
            "refinebio_source_archive_url": "",
            "refinebio_source_database": "SRA",
            "refinebio_specimen_part": "",
            "refinebio_subject": "planktonic cells",
            "refinebio_time": "",
            "refinebio_title": "oex6977_C",
            "refinebio_treatment": ""
        },
        "SRR4289769": {
            "refinebio_accession_code": "SRR4289769",
            "refinebio_age": "",
            "refinebio_annotations": [],
            "refinebio_cell_line": "ucbpp-pa14",
            "refinebio_compound": "",
            "refinebio_disease": "",
            "refinebio_disease_stage": "",
            "refinebio_genetic_information": "",
            "refinebio_organism": "PSEUDOMONAS_AERUGINOSA",
            "refinebio_platform": "Illumina HiSeq 2000 (IlluminaHiSeq2000)",
            "refinebio_processed": true,
            "refinebio_race": "",
            "refinebio_sex": "",
            "refinebio_source_archive_url": "",
            "refinebio_source_database": "SRA",
            "refinebio_specimen_part": "",
            "refinebio_subject": "planktonic wild-type",
            "refinebio_time": "",
            "refinebio_title": "WTP4",
            "refinebio_treatment": ""
        },
        "SRR4289770": {
            "refinebio_accession_code": "SRR4289770",
            "refinebio_age": "",
            "refinebio_annotations": [],
            "refinebio_cell_line": "ucbpp-pa14",
            "refinebio_compound": "",
            "refinebio_disease": "",
            "refinebio_disease_stage": "",
            "refinebio_genetic_information": "",
            "refinebio_organism": "PSEUDOMONAS_AERUGINOSA",
            "refinebio_platform": "Illumina HiSeq 2000 (IlluminaHiSeq2000)",
            "refinebio_processed": true,
            "refinebio_race": "",
            "refinebio_sex": "",
            "refinebio_source_archive_url": "",
            "refinebio_source_database": "SRA",
            "refinebio_specimen_part": "",
            "refinebio_subject": "planktonic wild-type",
            "refinebio_time": "",
            "refinebio_title": "WTP5",
            "refinebio_treatment": ""
        },
        "SRR4289771": {
            "refinebio_accession_code": "SRR4289771",
            "refinebio_age": "",
            "refinebio_annotations": [],
            "refinebio_cell_line": "ucbpp-pa14",
            "refinebio_compound": "",
            "refinebio_disease": "",
            "refinebio_disease_stage": "",
            "refinebio_genetic_information": "",
            "refinebio_organism": "PSEUDOMONAS_AERUGINOSA",
            "refinebio_platform": "Illumina HiSeq 2000 (IlluminaHiSeq2000)",
            "refinebio_processed": true,
            "refinebio_race": "",
            "refinebio_sex": "",
            "refinebio_source_archive_url": "",
            "refinebio_source_database": "SRA",
            "refinebio_specimen_part": "",
            "refinebio_subject": "planktonic wild-type",
            "refinebio_time": "",
            "refinebio_title": "WTP6",
            "refinebio_treatment": ""
        },
        "SRR4289772": {
            "refinebio_accession_code": "SRR4289772",
            "refinebio_age": "",
            "refinebio_annotations": [],
            "refinebio_cell_line": "ucbpp-pa14 deltapa3225",
            "refinebio_compound": "",
            "refinebio_disease": "",
            "refinebio_disease_stage": "",
            "refinebio_genetic_information": "",
            "refinebio_organism": "PSEUDOMONAS_AERUGINOSA",
            "refinebio_platform": "Illumina HiSeq 2000 (IlluminaHiSeq2000)",
            "refinebio_processed": true,
            "refinebio_race": "",
            "refinebio_sex": "",
            "refinebio_source_archive_url": "",
            "refinebio_source_database": "SRA",
            "refinebio_specimen_part": "",
            "refinebio_subject": "planktonic \u03b4pa3225",
            "refinebio_time": "",
            "refinebio_title": "3225P4",
            "refinebio_treatment": ""
        },
        "SRR4289773": {
            "refinebio_accession_code": "SRR4289773",
            "refinebio_age": "",
            "refinebio_annotations": [],
            "refinebio_cell_line": "ucbpp-pa14 deltapa3225",
            "refinebio_compound": "",
            "refinebio_disease": "",
            "refinebio_disease_stage": "",
            "refinebio_genetic_information": "",
            "refinebio_organism": "PSEUDOMONAS_AERUGINOSA",
            "refinebio_platform": "Illumina HiSeq 2000 (IlluminaHiSeq2000)",
            "refinebio_processed": true,
            "refinebio_race": "",
            "refinebio_sex": "",
            "refinebio_source_archive_url": "",
            "refinebio_source_database": "SRA",
            "refinebio_specimen_part": "",
            "refinebio_subject": "planktonic \u03b4pa3225",
            "refinebio_time": "",
            "refinebio_title": "3225P5",
            "refinebio_treatment": ""
        },
        "SRR4289774": {
            "refinebio_accession_code": "SRR4289774",
            "refinebio_age": "",
            "refinebio_annotations": [],
            "refinebio_cell_line": "ucbpp-pa14 deltapa3225",
            "refinebio_compound": "",
            "refinebio_disease": "",
            "refinebio_disease_stage": "",
            "refinebio_genetic_information": "",
            "refinebio_organism": "PSEUDOMONAS_AERUGINOSA",
            "refinebio_platform": "Illumina HiSeq 2000 (IlluminaHiSeq2000)",
            "refinebio_processed": true,
            "refinebio_race": "",
            "refinebio_sex": "",
            "refinebio_source_archive_url": "",
            "refinebio_source_database": "SRA",
            "refinebio_specimen_part": "",
            "refinebio_subject": "planktonic \u03b4pa3225",
            "refinebio_time": "",
            "refinebio_title": "3225P6",
            "refinebio_treatment": ""
        },
        "SRR4289775": {
            "refinebio_accession_code": "SRR4289775",
            "refinebio_age": "",
            "refinebio_annotations": [],
            "refinebio_cell_line": "ucbpp-pa14",
            "refinebio_compound": "",
            "refinebio_disease": "",
            "refinebio_disease_stage": "",
            "refinebio_genetic_information": "",
            "refinebio_organism": "PSEUDOMONAS_AERUGINOSA",
            "refinebio_platform": "Illumina HiSeq 2000 (IlluminaHiSeq2000)",
            "refinebio_processed": true,
            "refinebio_race": "",
            "refinebio_sex": "",
            "refinebio_source_archive_url": "",
            "refinebio_source_database": "SRA",
            "refinebio_specimen_part": "",
            "refinebio_subject": "biofilm wild-type",
            "refinebio_time": "",
            "refinebio_title": "WTB3",
            "refinebio_treatment": ""
        },
        "SRR4289776": {
            "refinebio_accession_code": "SRR4289776",
            "refinebio_age": "",
            "refinebio_annotations": [],
            "refinebio_cell_line": "ucbpp-pa14",
            "refinebio_compound": "",
            "refinebio_disease": "",
            "refinebio_disease_stage": "",
            "refinebio_genetic_information": "",
            "refinebio_organism": "PSEUDOMONAS_AERUGINOSA",
            "refinebio_platform": "Illumina HiSeq 2000 (IlluminaHiSeq2000)",
            "refinebio_processed": true,
            "refinebio_race": "",
            "refinebio_sex": "",
            "refinebio_source_archive_url": "",
            "refinebio_source_database": "SRA",
            "refinebio_specimen_part": "",
            "refinebio_subject": "biofilm wild-type",
            "refinebio_time": "",
            "refinebio_title": "WTB4",
            "refinebio_treatment": ""
        },
        "SRR4289777": {
            "refinebio_accession_code": "SRR4289777",
            "refinebio_age": "",
            "refinebio_annotations": [],
            "refinebio_cell_line": "ucbpp-pa14",
            "refinebio_compound": "",
            "refinebio_disease": "",
            "refinebio_disease_stage": "",
            "refinebio_genetic_information": "",
            "refinebio_organism": "PSEUDOMONAS_AERUGINOSA",
            "refinebio_platform": "Illumina HiSeq 2000 (IlluminaHiSeq2000)",
            "refinebio_processed": true,
            "refinebio_race": "",
            "refinebio_sex": "",
            "refinebio_source_archive_url": "",
            "refinebio_source_database": "SRA",
            "refinebio_specimen_part": "",
            "refinebio_subject": "biofilm wild-type",
            "refinebio_time": "",
            "refinebio_title": "WTB6",
            "refinebio_treatment": ""
        },
        "SRR4289778": {
            "refinebio_accession_code": "SRR4289778",
            "refinebio_age": "",
            "refinebio_annotations": [],
            "refinebio_cell_line": "ucbpp-pa14 deltapa3225",
            "refinebio_compound": "",
            "refinebio_disease": "",
            "refinebio_disease_stage": "",
            "refinebio_genetic_information": "",
            "refinebio_organism": "PSEUDOMONAS_AERUGINOSA",
            "refinebio_platform": "Illumina HiSeq 2000 (IlluminaHiSeq2000)",
            "refinebio_processed": true,
            "refinebio_race": "",
            "refinebio_sex": "",
            "refinebio_source_archive_url": "",
            "refinebio_source_database": "SRA",
            "refinebio_specimen_part": "",
            "refinebio_subject": "biofilm \u03b4pa3225",
            "refinebio_time": "",
            "refinebio_title": "3225B2",
            "refinebio_treatment": ""
        },
        "SRR4289779": {
            "refinebio_accession_code": "SRR4289779",
            "refinebio_age": "",
            "refinebio_annotations": [],
            "refinebio_cell_line": "ucbpp-pa14 deltapa3225",
            "refinebio_compound": "",
            "refinebio_disease": "",
            "refinebio_disease_stage": "",
            "refinebio_genetic_information": "",
            "refinebio_organism": "PSEUDOMONAS_AERUGINOSA",
            "refinebio_platform": "Illumina HiSeq 2000 (IlluminaHiSeq2000)",
            "refinebio_processed": true,
            "refinebio_race": "",
            "refinebio_sex": "",
            "refinebio_source_archive_url": "",
            "refinebio_source_database": "SRA",
            "refinebio_specimen_part": "",
            "refinebio_subject": "biofilm \u03b4pa3225",
            "refinebio_time": "",
            "refinebio_title": "3225B3",
            "refinebio_treatment": ""
        },
        "SRR4289780": {
            "refinebio_accession_code": "SRR4289780",
            "refinebio_age": "",
            "refinebio_annotations": [],
            "refinebio_cell_line": "ucbpp-pa14 deltapa3225",
            "refinebio_compound": "",
            "refinebio_disease": "",
            "refinebio_disease_stage": "",
            "refinebio_genetic_information": "",
            "refinebio_organism": "PSEUDOMONAS_AERUGINOSA",
            "refinebio_platform": "Illumina HiSeq 2000 (IlluminaHiSeq2000)",
            "refinebio_processed": true,
            "refinebio_race": "",
            "refinebio_sex": "",
            "refinebio_source_archive_url": "",
            "refinebio_source_database": "SRA",
            "refinebio_specimen_part": "",
            "refinebio_subject": "biofilm \u03b4pa3225",
            "refinebio_time": "",
            "refinebio_title": "3225B4",
            "refinebio_treatment": ""
        }
    },
    "scale_by": "NONE"
}