refinebio_accession_code	experiment_accession	refinebio_age	refinebio_cell_line	refinebio_compound	refinebio_disease	refinebio_disease_stage	refinebio_genetic_information	refinebio_organism	refinebio_platform	refinebio_processed	refinebio_race	refinebio_sex	refinebio_source_archive_url	refinebio_source_database	refinebio_specimen_part	refinebio_subject	refinebio_time	refinebio_title	refinebio_treatment
SRR10398413	SRP228531		ag1					PSEUDOMONAS_AERUGINOSA	Illumina HiSeq 2500 (IlluminaHiSeq2500)	True				SRA		clinical isolate		CIP-0h rep2	
SRR10398415	SRP228531		ag1					PSEUDOMONAS_AERUGINOSA	Illumina HiSeq 2500 (IlluminaHiSeq2500)	True				SRA		clinical isolate		CIP-2.5h rep1	
SRR10398417	SRP228531		ag1					PSEUDOMONAS_AERUGINOSA	Illumina HiSeq 2500 (IlluminaHiSeq2500)	True				SRA		clinical isolate		CIP-2.5h rep3	
SRR10398420	SRP228531		ag1					PSEUDOMONAS_AERUGINOSA	Illumina HiSeq 2500 (IlluminaHiSeq2500)	True				SRA		clinical isolate		CIP-5h rep3	
SRR10398419	SRP228531		ag1					PSEUDOMONAS_AERUGINOSA	Illumina HiSeq 2500 (IlluminaHiSeq2500)	True				SRA		clinical isolate		CIP-5h rep2	
SRR10398414	SRP228531		ag1					PSEUDOMONAS_AERUGINOSA	Illumina HiSeq 2500 (IlluminaHiSeq2500)	True				SRA		clinical isolate		CIP-0h rep3	
SRR10398412	SRP228531		ag1					PSEUDOMONAS_AERUGINOSA	Illumina HiSeq 2500 (IlluminaHiSeq2500)	True				SRA		clinical isolate		CIP-0h rep1	
SRR10398416	SRP228531		ag1					PSEUDOMONAS_AERUGINOSA	Illumina HiSeq 2500 (IlluminaHiSeq2500)	True				SRA		clinical isolate		CIP-2.5h rep2	
SRR10398418	SRP228531		ag1					PSEUDOMONAS_AERUGINOSA	Illumina HiSeq 2500 (IlluminaHiSeq2500)	True				SRA		clinical isolate		CIP-5h rep1	
